"Bluewhale hackers: They say that tomorrow a video comes out by whatsapp, it‚Äôs called martinelli, do not open it, it hacks your phone in 10 seconds and it can not be stopped in any way. Pass the data to your friends."
"The above picture that has been circulating states that :



     


AWARENESS TO THE PARENTS
New Drugs in School
Parents should know about this drug
This is a new drug known as ‚ÄúSTRAWBERRY QUICK‚Äù . It is a very scary thing which is going on in the schools right now, we all need to be aware.
There is a type of crystal meth going around that looks like STRAWBERRY POP ROCKS (The Candy that sizzles and pops in your mouth ). It smells like strawberry and its being handed out to kids n schoolyards. They are calling it ‚Äù STRAWBERRY METH‚Äù or ‚ÄúSTRAWBERRY QUICK‚Äù.
Kids are ingesting this thinking that it is a candy and being rushed off to the hospitals in dire condition. It also comes in chocolate, peanut butter , cola, cherry , grape and orange .
PLEASE INSTRUCT your children not to accept candy that looks like this from a friend ."
There is a video filming on Whatsapp called ‚ÄúPopcorn Carnival‚Äù Do not open it under any circumstances. Be warned. It will Hack your phone in seconds and you cannot stop it in anyway. Please forward to your contacts as soon as possible
"MICROWAVE!!!
Important information for folks (Ladies & Gents) Using Microwave In House Or At Office‚Ä¶.???
Pls Read It Carefully & Not Miss Out Any Points.



     


When was the last time you checked your microwave for radiation leakage?
Yes, I did say radiation leakage, because any microwave can start leaking radiation any time, for whatever reasons. And such a
leakage is hazardous to humans and pets in the house.
You don‚Äôt need to call in experts or to send your microwave to the dealer‚Äôs workshop for a leakage test. That‚Äôs time consuming,
inconvenient and costly.
Here‚Äôs how you can test your microwave for
radiation leakage, right in your own house, at no cost.
Just follow these simple steps >>>
1. Switch-off and un-plug the microwave from the electrical socket.
2. Place your mobile phone inside the microwave and shut the door.
3. Using another mobile phone, dial the phone that‚Äôs inside the microwave.
4. If the outside phone says ‚Äúthe number you are dialling is not reachable, or is out of coverage area, or is switched off; then your
microwave is safe.
5. But if the phone inside the microwave lights up and rings, your microwave is leaking radiation. Just throw away the damn thing and get a new one. (Believe me, the medical treatment of the side-effects of radiation leaks is costlier than the price of maybe 10 new microwaves.)
Remember, just because the door of your microwave appears to shut properly does not conclusively mean that it is not leaking radiation.
Stay safe, and test your microwave regularly at frequent intervals; the frequency of testing depending on the extent of usage, and you are the best judge of that.
By kind courtesy of Memo Projects. www.memoprojects.com.
PLEASE SHARE THIS INVALUABLE INFO WITH ALL YOUR FRIENDS & RELATIVES"
"James Crane worked on the 101st floor of Tower 1 of the World Trade Center ‚Ä¶ He is blind so he has a golden retriever named Daisy.
After the plane hit 20 stories below, James knew that he was doomed, so he let Daisy go, out of an act of love.
She darted away into the darkened hallway.
Choking on the fumes of the jet fuel and the smoke James was just waiting to die. About 30 minutes later, Daisy comes back along with James‚Äô boss, Who Daisy just happened to pick up on floor 112 on her first run of the building, she leads James, James‚Äô boss, and about 300 more people out of the doomed building.
But she wasn‚Äôt through yet, she knew there were others who were trapped. So, highly against James‚Äô wishes she ran back in the building.
On her second run, she saved 392 lives. Again she went back in. During this run, the building collapses.
James hears about this and falls on his knees into tears.
Against all known odds, Daisy makes it out alive, but this time she is carried by a firefighter. ‚ÄúShe led us right to the people, before she got injured‚Äù the fireman explained.
Her final run saved another 273 lives. She suffered acute smoke inhalation, severe burns on all four paws, and a broken leg, but she saved 967 lives.
Daisy is the first civilian Canine to win the Medal of Honor of New York City.
Pass it on to all animal lovers."
"ATTENTION!
Drinking Pepsi after consuming ‚ÄúPolo‚Äù mouth freshner leads to instant death. ¬†Because the mixture turns in to cynide poison.
Please forward this message to as many people as possible,especially to children."
"It arrived finally!!!
Beer powder‚Ä¶.Mix with cold water‚Ä¶ It becomes beer. Add more powder for strong beer and little for light beer"
"Please tell all the contacts in your messenger list not to accept Jayden K. Smith friendship request. He is a hacker and has the system connected to your Facebook account. If one of your contacts accepts it, you will also be hacked, so make sure that all your friends know it. Thanks. Forwarded as received.
Hold your finger down on the message. At the bottom in the middle it will say forward. Hit that then click on the names of those in your list and it will send to them"
"A 24-year-old female tourist from Germany has reportedly given birth to a litter of German Shepherd puppies in Stellenbosch, Western Cape Province in South Africa, after being hospitalized with severe stomach pains.
Doctors at a Western Cape private hospital were surprised to see Kedder go into labor, as she didn‚Äôt know she was pregnant.



     


‚ÄúIt was even more of a shock when three tiny puppies came out instead of a baby,‚Äù said Dr. Brown of the Medical Center where Kedder gave birth to her ‚Äòpuppies‚Äô.
‚ÄúTo be honest, we didn‚Äôt know this was possible. It‚Äôs both a marvel of modern medicine and extremely disturbing at the same time.‚Äù
Kedder admits that while she was recently living at home, she would often have sex with the family dog, Jonsey, because she couldn‚Äôt find a date.
It all started when my parents moved to a new place while we were still based in Germany. I lost my job, and my boyfriend dumped me too,‚Äù said Kedder. ‚ÄúI didn‚Äôt have time to meet any new guys while I was applying for jobs, so I would sometimes have sex with Jonsey our dog, just to relieve myself of too much stress. I don‚Äôt think it was wrong. He‚Äôs a big dog, and he wasn‚Äôt hurt by it. In fact, he really seemed to like it. I know I did. And besides, back in our country having sex with an animal is not a crime, and I don‚Äôt giving birth to an animal would either be a crime here provided the act wasn‚Äôt committed in this country,‚Äù she said.
According to Dr. Brown, Kedder‚Äôs birth is the first on record for an inter-species relationship.

https://check4spam.com/wp-content/uploads/2017/07/puppies.mp4"
PAKISTAN: MAN SENTENCED TO DEATH FOR FARTING IN MOSQUE DURING RAMADAN
"The world‚Äôs largest python, the Amazon River in South America, is said to have swallowed¬† more than 200 people and thousands of animals, it is 134 feet long (about 40.84 meters), weighs 2,067 kilograms, the South American Royal Commando took 37 days to kill it!"
"What Do Numbers On Bottom Of Bottles Indicate?



     


Check On the bottom of the bottle there is a triangle sign and there will be a number on it.
If the number is higher than or equal to 5 ->then this is safe to use.
whatever number under 5, will release the chemical.For most bottle water, the number is 1.
Did you know chemical released by plastic water bottles can cause cancer (it is not the water that affecting you but the chemical releasing from the bottle)"
"Please tell all the contacts in your Messenger list, not accepting Anwar Jitou‚Äôs contact, it‚Äôs a hacker that has the computer connected to your Facebook account. If one of your contacts accepts it, you will also be hacked, so make sure that all your friends know it. Thanks"
Urgent attention: someone is spreading a video clip on a MAS (Malaysian Airlines) flight crashing into the sea. Please do not open it. Immediately delete it as it contains a virus. Especially those mobile phones who have mobile banking. Please forward this msg to others. It‚Äôs in the news also. Forward as received. Forwarded as received.
"ISIS recruiter, traitor and runaway criminal Zakir Naik having iftaar with Pakistani terrorist Masood Azhar who is wanted for multiple terror attacks in India.
For many in India, he is no less than prophet of peace."
"Japan keeps Islam at bay by putting restrictions on Islam and ALL Muslims.

Japan is the only nation that does not give citizenship to Muslims
Permanent residency is not given to Muslims
Propagation of Islam in Japan is banned
In the University of Japan, Arabic or any Islamic language is not taught
Japan is the only country in the world with negligible number of embassies in Islamic countries
One cannot import a ‚ÄòKoran‚Äô published in the Arabic language
Muslims must follow Japanese Law and language
The Japanese government is of the opinion that Muslims are fundamentalist, and unwilling to change their Muslim laws
Muslims cannot event rent a house in Japan
There is no Sharia law in Japan"
"40 Year Old Man Is Diagnosed With Eye Cancer Because He Did This Every Night‚Ä¶.



     


This unnamed 40-year-old man visited the doctor when he couldn‚Äôt see clearly, albumen turned red because of serious injuries. Whereby, he always use mobile phone for 30 minutes in the dark before going to sleep. It was prolonged, made his macular‚Äôs eye degraded, lead to impaired vision and signs of eye cancer."
"There is a whatsapp group called Movies Junction. If you are invited and added then you will not be able to leave the group. It belongs to ISIS. So beware and inform your friends and relatives.
Forwarded as received"
"There is a watsup group called‚Äô Interschools, if invited, don‚Äôt join the group, it belongs to Daesh(ISIS). If you join the group you will not be able to exit from it, be vigilant, please inform others. My dear send it to your relatives and children on watsup so that they will also be careful."
"There is a ‚ÄòFloating Rock‚Äô in Jerusalem, floating in air from thousand‚Äôs of years. After many researches, still there is no explaination of it."
"The ransomware perprators have tweaked the file to make it Whatsapp compatible.
According to the latest reports from an Israeli security firm, specializing in protecting cyber assets, the latest ransomware is being distributed through Whatsapp.



     


Please do not open any attachment that looks like the normal Good Morning or Thought of the Day type of messages.
As soon as you download it , the malware gets embedded deeply in your mobile phone. Next when you click to view the attachment, it proceeds to display the normal message in the attachment and in the background locks up your smartphone.
You will be directed to an URL to pay 1 Btc / 1000 contacts to unlock your phone phone.
Don‚Äôt circulate or open any well meaning Good Morning messages till the threat level is lowered.
Please circulate to all your near and dear ones before it is too late.
Being forewarned is being forearmed!"
"So beautiful. Cannot resist not to share.
TRUE STORY‚Ä¶PLEASE DO NOT DELETE, RETURN IF YOU CAN‚ÄôT FORWARD TO AT LEAST ONE PERSON!!!
At the prodding of my friends I am writing this story. My name is Mildred Honor. I am a former elementary school Music Teacher from Des Moines, Iowa.



     


I have always supplemented my income by Teaching Piano Lessons‚Ä¶Something I have done for over 30 years. During those years, I found that Children have many levels of musical ability, and even though I have never had the prodigy, I have taught some very talented students. However, I have also had my share of what I call ‚ÄòMusically Challenged Pupils.
One such Pupil being Robby. Robby was 11 years old when his Mother (a Single Mom) dropped him off for his first Piano Lesson.
I prefer that Students (especially Boys) begin at an earlier age, which I explained to Robby. But Robby said that it had always been his Mother‚Äôs Dream to hear him play the Piano, so I took him as a Student.
At the end of each weekly Lesson he would always say ‚ÄòMy Mom‚Äôs going to hear me Play someday.‚Äô But to me, it seemed hopeless, he just did not have any Inborn Ability.I only knew his Mother from a distance as she dropped Robby off or waited in her aged Car to pick him up. She always waved and smiled, but never dropped in;
Then one day Robby stopped coming for his Lessons. I thought about calling him, but Assumed that because of his lack of Ability he had decided to pursue something else. I was also glad that he had stopped coming. He was a Bad Advertisement for my Teaching!
Several Weeks later I mailed a flyer recital to the Students‚Äô homes. To my surprise, Robby (who had received a flyer) asked if he could be in the Recital. I told him that the Recital was for current Pupils and that because he had dropped out, he really did not Qualify.
He told me that his Mother had been Sick and Unable to take him to his piano lessons, but that he had been practicing. ‚ÄòPlease Miss Honor, I‚Äôve just got to Play,‚Äô he insisted. I don‚Äôt know what led me to allow him to play in the Recital ‚Äì perhaps it was his insistence or maybe something inside of me saying that it would be all right;
The night of the Recital came and the high school gymnasium was packed with Parents, Relatives and Friends. I put Robby last in the Program, just before I was to come up and thank all the Students and Play a finishing piece. I thought that any damage he might do would come at the end of the Program and I could always salvage his poor performance through my ‚ÄòCurtain Closer‚Äô.
Well, the Recital went off without a Hitch, the Students had been Practicing and it Showed. Then Robby came up on the stage. His Clothes were Wrinkled and his Hair looked as though he had run an egg beater through it. ‚ÄòWhy wasn‚Äôt he dressed up like the other Students?‚Äô I thought. ‚ÄòWhy didn‚Äôt his Mother at least make him Comb his Hair for this Special Night?‚Äô
Robby pulled out the Piano bench, and I was Surprised when he announced that he had chosen to play Mozart‚Äôs Concerto No.21 in C Major. I was not prepared for what I heard next. His fingers were light on the keys, they even danced nimbly on the Ivories. He went from Pianissimo to Fortissimo, from Allegro to Virtuoso; his Suspended Chords that Mozart demands were Magnificent! Never had I heard Mozart played so well by anyone his age.
After six and a half minutes, he ended in a Grand Crescendo, and everyone was on their feet in Wild Applause!!! Overcome and in Tears, I ran up on stage and put my arms around Robby in Joy;
‚ÄòI have never heard you Play like that Robby, how did you do it?‚Äô Through the Microphone Robby explained: ‚ÄòWell, Miss Honor, Remember I told you that my Mom was sick? Well, she actually had Cancer and Passed Away this Morning. And well‚Ä¶ she was Born Deaf, so tonight was the first time she had ever heard me Play, and I wanted to make it Special.,
There wasn‚Äôt a Dry Eye in the house that evening. As People from Social Services led Robby from the stage to be placed in to Foster Care, I noticed that even their Eyes were red and Puffy. I thought to myself then how much Richer my Life had been for taking Robby as my Pupil.
No, I have never had a Prodigy, but that night I became a Prodigy‚Ä¶ of Robby. He was the Teacher and I was the Pupil, for he had taught me the meaning of Perseverance and Love and Believing in Yourself, and may be even taking a chance on someone and you didn‚Äôt know why.
Robby was Killed years later in the Senseless Bombing of the Alfred P. Murray Federal Building in Oklahoma City in April, 1995.
A Footnote to the story. If you are thinking about Forwarding this Message, you are probably wondering which People on your address list aren‚Äôt the ‚Äòappropriate‚Äô Ones to receive this type of Message. The Person who sent this to you believes that we can all make a Difference!!!
If God didn‚Äôt have a Purpose for us, we wouldn‚Äôt be here!
Live Simply.
Love Generously.
Care Deeply.
Speak Kindly.
If you had cried, you are just human. üëç"
Breaking News: Queen Elizabeth II is Dead
"It rained fish in Thailand today according to BBC news, Wonders of God! How will science and evolutionists explain this? A mystery, a phenomenon that only God understands. Instead of rain falling, fish fell."
"Eddie Murphy actor and comedian, dies at 54 US actor and comedian Eddie Murphy, who starred in over 50 films, has been killed in a car crash in California. Murphy, 54, was a passenger in a Porsche sports car driven by a friend ‚Äì who also died ‚Äì when it crashed north of Los Angeles. Murphy was said to be attending a charity event at the time. The Los Angeles County Sheriff‚Äôs department said the crash happened in the community‚Ä¶"
"This morning, North Korea launched the North Star 2 medium-range missiles failed, after the start of low-speed operation of the missile, after awhile it crashed. Full photography, the video is rare, hard to come by"
"Praise the Lord my brothers and sisters.
Today the Skeleton of Goliath is found in Jerusalem.



     


Word of God is so true.


Huge Skull of Goliath discovered by archaeologists in Jerusalem‚Ä¶‚Ä¶ The Bible is true."
"SnapChat CEO Evan Spiegel has said the App is for rich people, don‚Äôt want to expand in poor countries like India and Spain"
MGM Lion that was used in the original logo killed its trainer and 2 assistants the day after the logo was filmed.!
"There is a Whatsapp group called ‚ÄòFirdaus we ascend‚Äô, if invited, don‚Äôt join the group, it belongs to Daesh*. If you join the group you will not be able to exit from it, be vigilant, please inform others ‚Äì send it to your relatives and children on WhatsApp so that they remain careful.
*Daesh is the arabic name for ISIS."
"Johns Hopkins Update
This is an extremely good article.
Everyone should read it.AFTER YEARS OF TELLING PEOPLE CHEMOTHERAPY IS THE ONLY WAY TO TRY (‚ÄòTRY‚Äô, BEING THE KEY WORD) TO ELIMINATE CANCER, JOHNS HOPKINS IS FINALLY STARTING TO TELL YOU THERE IS AN ALTERNATIVE WAY .."
"This movie, Piper, has won an Oscar for the best animated short film.. The duration of this video is only 6 minutes but the director took 3 years to picturize‚Ä¶"
1st time in the world history a 101year old lady gave birth to a baby girl and entered into into Gunnies book.
"Below post has been circulating on social media

Green means a completely natural toothpaste
Blue means the toothpaste‚Äôs composition is natural in combination with medicines
Red means natural plus chemicals
Black equals all chemicals"
"This video was captured by a guy on his cell phone at Kruger National park. Sold to Nat Geo for 1 million dollars.
One of the best videos for wildlife lovers, amazing stuff."
"Urgent!!! Dear brothers & sisters, if you have received Pictures of Donald Trump suffering from a¬† stroke, please do not open it but¬† delete it immediately because it will destroy all info in your computer & handphone. Please pass this to all your friends & groups."
BREAKING NEWS: Pope Francis Dies At 80 Following Cardiac Arrest
"Emergency News
Death of a young man after consuming egg and then sweet bananaAfter consuming egg and then sweet banana immediately, he died on the spot.After researching the cause of his death, they discovered that the mixture of the egg and the sweet banana in the stomach turns into a poison that kills on the field.For this reason do not eat the egg with sweet banana; It kills the net.Do not keep it for yourself, share ‚Ä¶
‚Äî‚Äî‚Äî‚Äî‚Äî‚Äî‚Äî‚Äî‚Äî
Only the bad people are not going to share this because they want to see others die ‚Ä¶"
"Natural therapy for opening the veins of the heart.
Please pass it to your colleagues or friends. 
For Heart Vein opening:
Lemon juice ¬† ¬† ¬† ¬† ¬† ¬† ¬†01 cup
Ginger juice ¬† ¬† ¬† ¬† ¬† ¬† ¬† 01 cup
Garlic ¬†juice ¬† ¬† ¬† ¬† ¬† ¬† ¬† 01 cup
Apple vinegar ¬† ¬† ¬† ¬† ¬† ¬†01 cup
Mix all above and boil on low heat, approximately half ¬†hour, when it becomes 3 cups, take off stove and let cool. After cooling, mix 3 cups of natural honey and keep it in bottle.
Every morning before breakfast ¬†use one Table spoon regularly. Your blockage of Vein‚Äôs will open.



     


No need now for any Angiography ¬†or Bypass‚Ä¶
Please pass on this to your real well wishers‚Ä¶
Wishing you a healthy life..
Prof. Dr. S. Vikineswary
Biotech Division
Institute of Biological Sciences
University of Malaya
50603 Kuala Lumpur 
Malaysia"
"Tomato ketchup is made of coagulated blood, urine, cocaine and nutmeg‚Ä¶"
"The Miracle has happened today. USA and CANADA saw two suns. This is called as Hunters Moon.. Due to change of orbit the sun sets and moon rises at the same time with both being opposite to each other at a particular angle or degree moon reflects the sun so bright that it almost feels like another sun.
Effects stays for couple of days"
"IMPORTANT INFORMATION : MUST SHARE !!!!
A 21 year old girl wore a pair of contact lenses during a barbecue party..



     


While barbecuing she was directly in contact with the hot smoke of the fire charcoals continuously for 2-3 minutes.
In a few seconds, she started screaming for help & was continuously rubbing her eyes!
No one in the party could understand why she was doing this?
Then she was admitted to hospital where the doctor explained she‚Äôll be blind permanently because of the contact lenses that she had worn.
Contact lenses are made by fibre and the heat from the charcoal melted her contact lenses.
DO NOT WEAR CONTACT LENSES OVER HEATING AND FLAMES or while COOKING*
Friends if u feel the information is important, Please SHARE this message with all your dear ones who use contact lenses*"
"Warning
If you see that your fruit contains red weird colour in it, don‚Äôt eat it because a groups of people is injecting fruits with blood containing HIV and AIDS. With the aim of killing millions of people around the world. That is Satanism. PLEASE SHARE this post and save others."
Can‚Äôt wait to see who the winners are. FB‚Äôs Mark Zuckerberg is going to give away 4.5 million of his FB stock tonight at midnight to people like you and me. All you have to is copy and paste this to your page and post. FB is doing this to show what a powerful tool of connection it is. This is not a hoax. It‚Äôs on Good Morning America. #MarkZuckerberg
"Dear what‚Äôs app users: Please read the message carefully.. It‚Äôs not a joke.. In-between 12.00am to 3.00am don‚Äôt pick the phone call from the following number.. 777888999.. Yes it‚Äôs a 9 digits mobile number.. It‚Äôs not fake.. 10 members died because of lifting the call .. One lady will speak to the call receiver.. And she will tell that it‚Äôs the last call for you.. Please pass this message to all.. It has been telecasted in public tv.. Please don‚Äôt neglect.. Pass it to your friends and family‚Ä¶
DANGER no.777888999 do mobile blast Full details ‚Äì YouTube"
"Whatsapp celebrating 10 years by giving exciting prizes!
Claim Your Reward:
http://whatsapp.com.rewardonline[dot]co/



     


Only people with this message can claim the reward"
"You‚Äôre invited to try Whatsapp Video Calling feature. 
Activate at:



     


? http://videocalls-whatsapp[dot]net/
Only people with the invitation can enable this feature"
Please inform all contacts from your list not to open a video called the ‚ÄúDance of the Hillary‚Äù. It is a virus that formats your mobile. Beware it is very dangerous. They announced it today on BBC radio. Fwd this msg to as many as you can!
Breaking news-Petrol Pumps will be closed for the next 3 days due to strike called by petroleum dealers association due to the increase in price. Pls pass on the this msg to all your contacts. pls full ur tank immediately.
"*Now,You can do Whatsapp Without Internet From Today. Whatsapp launches Ultra-Light Wifi Feature to Enjoy Free 3G Internet wherever you go for whatsapp application,Click On Below Link to Activate Now ‚Äì http://ultra-wifi-activation.ga*"
"Hey Finally Secret Whatsapp golden version has been leaked, This version is used only by big celebrities.Now we can use it too ,Whatsapp Gold Contains many advanced features like Whatsapp Video calling , Delete the messages you sent by mistake , Send more than 100 pics at once ,Free calling ,Change whatsapp themes and tons of great features.This whatsapp gold can be activated only Via Invites and I am inviting you.Once you activate this whatsapp gold , your green icon will change to gold and you can enjoy all features 100% safely.Activate whatsapp Gold with one click at https://www.goldenversion.com/"
"Kindly note that the lifespan of a green barcoded ID comes to an end 31/03/2018

Please apply for your smart card ID

Let's share the information
"
"Your subscription has expired. To verify your account and purchase a lifetime subscription for just 0.99 GBP simply tap on this link
"
"
Please note that there won't be electricity tomorow from 06:00-12:00 through out the whole of South Africa.  Please pass on the message and make everyone aware

"
"
Tropical cyclone has hit Port Edward 10 mins ago and is making its way down the South coast.  Moving in a northward direction.  Please make sure all your loved ones, animals and bigger items are inside, safe and secure
"
"
British Airways is celebrating its 70th anniversary by giving away 2 free air tickets to 200 lucky customers. Click below link to claim yours now and fly with British Airways
"
"
WhatsApp is going to cost us money soon. The only way that it will stay free is if you are a frequent user i.e. you have at least 10 people you are chatting with. To become a frequent user send this message to 10 people who receive it (2 ticks) and your WhatsApp logo should turn Red to indicate a frequent user.
"
"
Whatsapp is shutting down on 28th jan Message from Jim Balsamic (CEO of Whatsapp) we have had an over usage of user names on whatsapp Messenger. We are requesting all users to forward this message to their entire contact list. If you do not forward this message, we will take it as your account is invalid and it will be deleted within the next 48 hours. Please DO NOT ignore this message or whatsapp will no longer recognise your activation. If you wish to re-activate your account after it has been deleted, a charge of 25.00 will be added to your monthly bill. We are also aware of the issue involving the pictures updates not showing. We are working diligently at fixing this problem and it will be up and running as soon as possible. Thank you for your cooperation from the Whatsapp team
"
"
Urgent Hyundai offers free cars model 2018 on the occasion of the 99th anniversary of its establishment get yours now
"
"
New Colors For WhatsApp
"
"
Now, You can do Whatsapp Without Internet From Today. Whatsapp launches Ultra-Light Wifi Feature to Enjoy Free 3G Internet wherever you go for whatsapp application, Click On Below Link to Activate Now ‚Äì
"
"
SAPS ...... Kindly note......please advice as many people as soon as possible. You will receive an SMS from a number similar to the one that you get bank notifications from , the SMS will indicate a problem in your account and the 'consultant' will contact you. When the 'consultant ' contacts you he or she will start confirming all your details and your account number and then they will ask you what kind of a phone you are using.
"
"
PLEASE DON‚ÄôT BUY KFC. THEY PUTTING ‚Äúflakka‚Äô DRUG IN THE SALT. CONFRMED BY SAPS IN ENNERDALE. PLEASE SPREAD THIS MESSAGE BEFORE IT REACHES ELDOS.
"
"
CAR THIEVES GONE DIGITAL!!!!!!!!!!!!!!!!!!!!!!!!!!!!! ""I locked my car. As I walked away I heard my car door unlock‚Äô'. I went back and locked my car again three times. Each time, as soon as I started to walk away, I could hear it unlock again!! Naturally alarmed, I looked around and there were two men sitting in a car next to the Store. They were obviously watching me intently, and there seemed no doubt they were somehow involved in this very weird situation. I quickly abandoned my errand, jumped into my car and sped away. I went straight to the police station, told them what had happened, and found out I was part of a new, and very successful, scheme being used to gain entry into parked cars. Two weeks later, my friend's son had a similar experience....While traveling, he stopped at a motorway service area to use the toilet. When he came out to his car less than 5 minutes later, someone had managed to get into his car and had stolen his mobile phone, laptop computer, sat-nav, briefcase and other belongings. He called the police and since there were no signs of his car having been broken into, the police told him he had probably been a victim of the latest robbery tactic ‚Äì there is a device that robbers are using now to clone your security code when you lock your doors on your car using your remote locking device. They sit a distance away and watch for their next victim. They know you are going inside the Store, restaurant, or whatever and that they now have a few minutes to steal and run. * The police officer said always to lock your car manually with the key when parking in a public area. That way if there is someone sitting in a car nearby watching for their next victim, it will not be you. When you lock up with the key upon exiting, it does not send the security code, but if you walk away and use the remote button, it sends the code through the airwaves where it can be easily intercepted by the device. This is very real. Be aware of what you just read and please pass this information on. Look how many times we all lock our doors with our remote just to be sure we remembered to lock them -- and bingo, someone has our code...and potentially whatever is in our car.‚Äù Please share with everyone you know in the hope that we can frustrate these thieves. PLEASE , PLEASE AND PLEASE  Lock your car with the key manually NOT  with the remote control HENCEFORTH.
"
"
New drug in Schools...Please pass this on even if you do not have kids in school. Parents should know about this drug.This is a new drug known as 'strawberry quick '.There is a very scary thing going on in the schools right now that we all need to be aware of.There is a type of crystal meth going around that looks like strawberry pop rocks (the candy that sizzles and 'pops' in your mouth). It also smells like strawberry and it is being handed out to kids in school yards. They are calling it strawberry meth or strawberry quick.Kids are ingesting this thinking that it is candy and being rushed off to the hospital in dire condition. It also comes in chocolate, peanut butter, cola, cherry, grape and orange.Please instruct your children not to accept candy from strangers and even not to accept candy that looks like this from a friend (who may have been given it and believed it is candy) and to take any that they may have to a teacher, principal, etc. immediately.Pass this email on to as many people as you can (even if they don't have kids) so that we can raise awareness and hopefully prevent any tragedies from occurring..!!
"
"
Source from an employee at Home Affairs- Security Alert: Be warned, there is a group going to homes and pretending to be officials from home affairs. They have documents with the letterhead Department of Home Affairs and claim to be confirming that everyone has a valid ID for the upcoming elections. They are robbing homes. Take note there is no initiative like that from the government. Send this on your neighborhood group chat. They are everywhere and they look presentable.
"
"
Carte Blanche: E-toll. Forward on to as many as you can please!! GO And VOTE PLEASE VOTE NOW Just click on link and vote ‚Äì no names required ‚Ä¶ just Yes or No. As per Carte Blanche, if a million people don't register and refuse to pay for e-toll, the entire system will collapse. E-toll cannot prosecute you because they will be restricting your movement which is against your constitutional rights. Please get the word around so that we can scrap this system. They are looking for 2 million votes, and only a few days left: http://helloweb.co.za/Blog/ When the link is opened scroll down to vote NO!! Don‚Äôt forget to send to everyone in your contact list!!!!!
"
"
Pls if anyone stops U in the parking lot of a mall, any shopping centre like Pick & Pay or any depot and ask you if u're interested in some perfume and gives u a paper to smell, pls don't! It's a new scam, the paper is laced with drugs, U'll pass out so they can kidnap, rob or do worse things to u. Pls forward to all friends n family..Save a life please. This was received from a Senior police officer this morning take note and alert everyone u want to protect ! It can save a life ! PLEASE FORWARD TO EVERYONE
"
"
Hi All. Please share this information with your family, friends and clients. VIN NUMBER - WARNING! So simple, I would have NEVER thought about someone doing that!!!! Here is INFO worth the price of your car.... WHAT WILL the car thieves THINK OF NEXT? The car thieves peer through the windshield of your car or vehicle, write down the VIN# from the label on the dash, go to the local car dealership and request a duplicate key based on the VIN# I didn't believe this e-mail, so I called Chrysler-Dodge, GM & Ford and pretended I had lost my keys. They told me to just bring in the VIN#, and they would cut me one on the spot, and I could order the keyless device if I wanted. The Car Dealer's Parts Department will make a duplicate key from the VIN #, and collect payment from the thief who will return to your vehicle. He doesn't have to break in, do any damage to the vehicle, or draw attention to himself. All he has to do is walk up to your car, insert the key and off he goes to a local chop shop with your vehicle. You don't believe it? It IS that EASY. To avoid this from happening to you, simply put some dark tape (electrical tape, duct tape or medical tape) across the VIN Number Metal Label located on the dashboard. By law, you cannot remove the VIN, but you CAN cover it so it can't be viewed through the windshield by a car thief. I urge you to forward this to your friends before some other car thief steals another car or truck. I slipped a 3x5 card over my VIN NUMBER. PASS THIS INFO ON TO YOUR FAMILY AND FRIENDS NOW!!!!! Luv u all................... Take care
"
"
Aneurysm awareness: Another victim of aneuryms just passed away today, Isabel Granada, 41, a movie actress in the Philippines. The co-teacher of my classmate who suffered Aneu late last year & she undergo brain surgery & fortunately thru God's miracle she was able to recover. Prior to the case of my classmate‚Äôs coteacher, the cousin of my classmate‚Äôs husband's also suffered aneurysm, comatose for months in a hosp & also recovered. Anyone can be a victim of the sudden attack of our brain. But theres a proven technique how to avoid it. When taking a bath, do not start pouring water on your head.This is a bad practice. Blood temperature will shoot up because of the cold water, instead wet your feet first or lower extremeties, then wait for a few seconds & You can feel a fussing temperature inside you. Then slowly wetting your upper extremeties. It means to say taking bath from feet to head NOT head down will save YOU from aneuysm attack. You may share this also to friends!!!Life is precious.‚ù§
"
"
Beware of new drug in the market called Flakka. When taken it make u lie a zombie. Protect your children and advise them. Rather send to school with sweets instead of giving them pocket money to buys sweets. Rather be safe than sorry
"
"
HOW TO TRACE A MISSING OR STOLEN PHONE If you lose your mobile phone, you can trace it without going to the police. Most of us always fear that our phones may be stolen at any time. Each phone carries a unique IMEI no. i.e. International Mobile Equipment Identity No which can be used to track it anywhere in the world. This is how it works: 1. Dial *#06# from your mobile. 2. Your mobile phone shows a unique 15 digit. 3. Note down this number at a secure place except in your mobile phone itself as this is the number which will help trace your phone in case of theft. 4. Once stolen, just E-mail this 15 digit IMEI No. to cop@vsnl.net with details as stated below: Your name:________ Address:________ Phone model:_______ Make:_________ Last used No.:_______ E-mail for communication:___ Missed date:_______ IMEI No :_________ 5.Your Mobile will be traced within next 24 hours via a complex system of GPRS and internet, You will find where your hand set is being operated and the new user's No. will be sent to your email. 6. After this, you can inform the Police with the details you now have. PLEASE SHARE THIS VERY IMPORTANT MESSAGE.
"
"
Please note that there won‚Äôt be electricity tomorrow from 06:00- 12:00 through out the whole of South Africa. Please pass on the message and make everyone aware.
"
"
*_British Airways_* is celebrating its 70th anniversary by giving away 2 free air tickets to 200 lucky customers. * Click below link to claim yours now and fly with _British Airways_*
"
"
Please be advised that the earthquake that happened in some parts of Africa is not yet over because its in rotation form. The researchers under geography are encouraging people to stay awake because a massive earthquake is going to occur tomorrow morning at around 2am. It has been proved that the earthquake is caused by the lava of the volcano that is under pressure beneath the earth‚Äôs surface ready to be exposed to the earth‚Äôs surface. Countries expected to be affected are Zimbabwe, Botswana, Zambia, part of South Africa, Mozambique, Malawi, Ghana and Madagascar.
"
"
Hi guys, Just want to tell you about this crazy thing that happened to a cousin of one of my sisters friends‚Ä¶ she was at Brooklyn Mall with her boyfriend and had dinner at Moo Moo‚Äôs. She went to the loo opposite the Food Lovers and her boyfriend thought she‚Äôd been gone quite long so he went to check on her. When he walked towards the ladies bathroom this Nigerian lady walked out pushing a wheelchair and the person in the wheelchair was slumped over. He noticed the person had the same shoes as his girlfriend so he walked over and pushed the hair out off her face and saw it was his girlfriend. She was drugged and her hair cut and dyed, clothes changed in the Brooklyn toilets! the Nigerian lady ran off. The police say they‚Äôre pretty sure they were going to human traffic her. And it‚Äôs rampant in SA apparently.
"
"
Listen carefully. On the 6th April I need you to be very careful. Book off from work. Tell everybody to stay home. The kids too.The blacks are planning something very big in PTA and JHB and surrounding areas that day. This is not a game. This is not just a story. I‚Äôm connected with some very important people and the warnings are going out. Have enough water and food. Get some sort of weapon or two. Put the dog/s inside as well for protection. Don‚Äôt leave your house! Start warning friends and family! We believe this to be either a practice run with destruction and death; or the start of the civil war in this country.
"
"
Please forward to everyone you know. Afriforum has declared November in memory of those murdered in farm attacks. If they get 100 000 votes, they can hand over a document to the United Nations asking them to intervene against farm murders and farmers being targeted. They will also lodge a complaint with the President due to the SAPS being so lethargic. They already have 4 000 votes, so we still need 96 000. To vote, SMS your name to 45353 to support this initiative. Each phone can only vote once and it costs R1.50 per SMS. Please support this good cause. Thank you.
"
"
WEATHER ALERT: Hurricane Sifiso to hit KZN, please keep in doors as this storm is classified as a category 3 storm. Heavy gale forces predicted at 90km/h with Gusts of 120km/h reported by Weather ALERT SA. Stom expected to subside in 3-4 days. Avoid travelling in these conditions. Please be cautious people. FORWARD TO FRIENDS & FAMILY.
"
"
Kzn chicken has bird flu. Its not safe to buy chicken - 90000 of chicken is contaminated. Please do not purchase any chicken. Please send to family and friends urgently.
"
"
We require our active users to forward this message to each of the people in your contact list to confirm our active users using WhatsApp, if you do not send this message to all your contacts WhatsApp will then start to charge you. Your account will remain inactive with the consequence of losing all your contacts.
"
"
WhatsApp is going to cost us money soon. The only way that it will stay free is if you are a frequent user i.e. you have at least 10 people you are chatting with. To become a frequent user send this message to 10 people who receive it (2 ticks) and your WhatsApp logo should turn Red to indicate a frequent user.
"
